{
  "round_robin": {
    "routing_mode": "round_robin",
    "all": {
      "count": 1000,
      "failures": 0,
      "failure_rate": 0.0,
      "mean": 344.9573199999999,
      "p50": 106.47999999999999,
      "p90": 1061.9470000000003,
      "p95": 1507.4214999999997,
      "p99": 2288.5568,
      "max": 3305.25
    },
    "fast": {
      "count": 800,
      "failures": 0,
      "failure_rate": 0.0,
      "mean": 267.94885,
      "p50": 38.33,
      "p90": 857.3780000000002,
      "p95": 1301.8394999999994,
      "p99": 2203.4465,
      "max": 3187.31
    },
    "slow": {
      "count": 200,
      "failures": 0,
      "failure_rate": 0.0,
      "mean": 652.9911999999999,
      "p50": 401.88,
      "p90": 1502.4399999999991,
      "p95": 2032.162,
      "p99": 2909.577399999998,
      "max": 3305.25
    }
  },
  "neuroroute": {
    "routing_mode": "neuroroute",
    "all": {
      "count": 1000,
      "failures": 0,
      "failure_rate": 0.0,
      "mean": 354.74712,
      "p50": 16.725,
      "p90": 1759.0720000000001,
      "p95": 2099.0215,
      "p99": 3003.5744999999997,
      "max": 4070.92
    },
    "fast": {
      "count": 800,
      "failures": 0,
      "failure_rate": 0.0,
      "mean": 35.057475,
      "p50": 12.95,
      "p90": 68.43200000000004,
      "p95": 115.3975,
      "p99": 258.4127,
      "max": 1893.72
    },
    "slow": {
      "count": 200,
      "failures": 0,
      "failure_rate": 0.0,
      "mean": 1633.5057000000002,
      "p50": 1737.925,
      "p90": 2679.3469999999993,
      "p95": 3004.1124999999997,
      "p99": 3716.255499999999,
      "max": 4070.92
    }
  }
}