routing_mode,group,count,failures,failure_rate,mean,p50,p90,p95,p99,max
round_robin,all,1000,0,0.0,344.9573199999999,106.47999999999999,1061.9470000000003,1507.4214999999997,2288.5568,3305.25
neuroroute,all,1000,0,0.0,354.74712,16.725,1759.0720000000001,2099.0215,3003.5744999999997,4070.92
round_robin,fast,800,0,0.0,267.94885,38.33,857.3780000000002,1301.8394999999994,2203.4465,3187.31
neuroroute,fast,800,0,0.0,35.057475,12.95,68.43200000000004,115.3975,258.4127,1893.72
round_robin,slow,200,0,0.0,652.9911999999999,401.88,1502.4399999999991,2032.162,2909.577399999998,3305.25
neuroroute,slow,200,0,0.0,1633.5057000000002,1737.925,2679.3469999999993,3004.1124999999997,3716.255499999999,4070.92
