{
  "round_robin": {
    "routing_mode": "round_robin",
    "all": {
      "count": 1000,
      "failures": 0,
      "failure_rate": 0.0,
      "mean": 495.0123,
      "p50": 284.58500000000004,
      "p90": 1201.1019999999999,
      "p95": 1700.2579999999994,
      "p99": 3427.3945,
      "max": 4302.66
    },
    "fast": {
      "count": 800,
      "failures": 0,
      "failure_rate": 0.0,
      "mean": 398.0177,
      "p50": 207.72,
      "p90": 989.7010000000001,
      "p95": 1429.7974999999992,
      "p99": 2902.258199999999,
      "max": 4107.22
    },
    "slow": {
      "count": 200,
      "failures": 0,
      "failure_rate": 0.0,
      "mean": 882.9907000000001,
      "p50": 604.275,
      "p90": 1743.995,
      "p95": 2749.5594999999967,
      "p99": 4164.668299999998,
      "max": 4302.66
    }
  },
  "neuroroute": {
    "routing_mode": "neuroroute",
    "all": {
      "count": 1000,
      "failures": 0,
      "failure_rate": 0.0,
      "mean": 591.42941,
      "p50": 513.53,
      "p90": 926.2930000000001,
      "p95": 1307.6104999999995,
      "p99": 2579.3601,
      "max": 3002.21
    },
    "fast": {
      "count": 800,
      "failures": 0,
      "failure_rate": 0.0,
      "mean": 467.91863750000005,
      "p50": 488.935,
      "p90": 686.962,
      "p95": 720.924,
      "p99": 913.3864,
      "max": 1815.36
    },
    "slow": {
      "count": 200,
      "failures": 0,
      "failure_rate": 0.0,
      "mean": 1085.4725,
      "p50": 908.175,
      "p90": 2163.739,
      "p95": 2579.8405,
      "p99": 2715.803999999999,
      "max": 3002.21
    }
  }
}