routing_mode,group,count,failures,failure_rate,mean,p50,p90,p95,p99,max
round_robin,all,1000,0,0.0,495.0123,284.58500000000004,1201.1019999999999,1700.2579999999994,3427.3945,4302.66
neuroroute,all,1000,0,0.0,591.42941,513.53,926.2930000000001,1307.6104999999995,2579.3601,3002.21
round_robin,fast,800,0,0.0,398.0177,207.72,989.7010000000001,1429.7974999999992,2902.258199999999,4107.22
neuroroute,fast,800,0,0.0,467.91863750000005,488.935,686.962,720.924,913.3864,1815.36
round_robin,slow,200,0,0.0,882.9907000000001,604.275,1743.995,2749.5594999999967,4164.668299999998,4302.66
neuroroute,slow,200,0,0.0,1085.4725,908.175,2163.739,2579.8405,2715.803999999999,3002.21
