routing_mode,group,count,failures,failure_rate,mean,p50,p90,p95,p99,max
round_robin,all,1000,0,0.0,667.9587700000001,251.905,1877.894,2836.062999999996,5100.1577,7376.9
neuroroute,all,1000,0,0.0,781.51781,227.48,2898.936000000001,3929.723,6255.3411,7562.87
round_robin,fast,800,0,0.0,534.0597624999999,115.30000000000001,1579.66,2445.456999999997,4589.513899999996,6899.51
neuroroute,fast,800,0,0.0,244.45182499999999,193.115,387.74300000000005,466.74349999999976,1316.273399999987,5366.31
round_robin,slow,200,0,0.0,1203.5548000000001,845.2049999999999,2740.4919999999997,3359.537499999997,6598.585199999998,7376.9
neuroroute,slow,200,0,0.0,2929.78175,2759.335,5069.231,6258.185499999999,7063.139599999998,7562.87
