{
  "round_robin": {
    "routing_mode": "round_robin",
    "all": {
      "count": 1000,
      "failures": 0,
      "failure_rate": 0.0,
      "mean": 667.9587700000001,
      "p50": 251.905,
      "p90": 1877.894,
      "p95": 2836.062999999996,
      "p99": 5100.1577,
      "max": 7376.9
    },
    "fast": {
      "count": 800,
      "failures": 0,
      "failure_rate": 0.0,
      "mean": 534.0597624999999,
      "p50": 115.30000000000001,
      "p90": 1579.66,
      "p95": 2445.456999999997,
      "p99": 4589.513899999996,
      "max": 6899.51
    },
    "slow": {
      "count": 200,
      "failures": 0,
      "failure_rate": 0.0,
      "mean": 1203.5548000000001,
      "p50": 845.2049999999999,
      "p90": 2740.4919999999997,
      "p95": 3359.537499999997,
      "p99": 6598.585199999998,
      "max": 7376.9
    }
  },
  "neuroroute": {
    "routing_mode": "neuroroute",
    "all": {
      "count": 1000,
      "failures": 0,
      "failure_rate": 0.0,
      "mean": 781.51781,
      "p50": 227.48,
      "p90": 2898.936000000001,
      "p95": 3929.723,
      "p99": 6255.3411,
      "max": 7562.87
    },
    "fast": {
      "count": 800,
      "failures": 0,
      "failure_rate": 0.0,
      "mean": 244.45182499999999,
      "p50": 193.115,
      "p90": 387.74300000000005,
      "p95": 466.74349999999976,
      "p99": 1316.273399999987,
      "max": 5366.31
    },
    "slow": {
      "count": 200,
      "failures": 0,
      "failure_rate": 0.0,
      "mean": 2929.78175,
      "p50": 2759.335,
      "p90": 5069.231,
      "p95": 6258.185499999999,
      "p99": 7063.139599999998,
      "max": 7562.87
    }
  }
}