routing_mode,group,count,failures,failure_rate,mean,p50,p80,p90,p95,p99
round_robin,all,1000,0,0.0,1559.4253199999998,576.845,3571.528,4586.351000000001,5301.61,6956.6993
neuroroute,all,1000,0,0.0,1602.6966499999999,66.43,363.4980000000001,9512.756,10528.506499999998,11788.418
round_robin,fast,800,0,0.0,1489.1746875,473.5,3531.280000000001,4515.457,5289.6425,6838.954499999999
neuroroute,fast,800,0,0.0,82.64004999999999,35.445,136.46200000000007,214.201,312.2385,462.52259999999995
round_robin,slow,200,0,0.0,1840.42785,945.6800000000001,3755.672000000001,4865.733,5380.982999999997,6973.037899999998
neuroroute,slow,200,0,0.0,7682.92305,9514.46,10826.225999999999,11376.317,11795.649999999998,12278.6118
