routing_mode,group,count,failures,failure_rate,mean,p50,p80,p90,p95,p99
round_robin,all,1000,0,0.0,773.54492,334.81,1385.2620000000004,2335.955,3019.4684999999986,4279.9956999999995
neuroroute,all,1000,0,0.0,680.81853,507.53999999999996,801.8680000000003,1287.768,1862.8559999999995,2803.0934999999995
round_robin,fast,800,0,0.0,711.2533374999999,273.83,1304.6200000000001,2101.9500000000007,2912.1130000000003,4279.9956999999995
neuroroute,fast,800,0,0.0,525.6049125,484.91,666.38,791.648,906.544,1849.7450999999999
round_robin,slow,200,0,0.0,1022.7112500000002,651.9300000000001,1704.9560000000006,2626.281,3216.009999999999,4260.110099999998
neuroroute,slow,200,0,0.0,1301.673,1170.6750000000002,1890.194,2497.5409999999997,2800.9649999999997,3204.1427999999996
