routing_mode,group,count,failures,failure_rate,mean,p50,p80,p90,p95,p99
round_robin,all,1000,0,0.0,119.9096,44.989999999999995,190.23000000000005,312.64200000000005,452.8864999999997,1149.225
neuroroute,all,1000,0,0.0,256.99675,226.365,291.702,312.70500000000004,381.2699999999999,655.8922999999999
round_robin,fast,800,0,0.0,101.39765,25.975,160.51000000000002,291.742,400.51049999999964,1031.8035999999997
neuroroute,fast,800,0,0.0,238.6348375,219.465,276.482,292.48600000000005,303.2395,376.14619999999996
round_robin,slow,200,0,0.0,193.95739999999998,121.91499999999999,270.852,424.2009999999999,546.0699999999998,1210.1892
neuroroute,slow,200,0,0.0,330.44440000000003,298.78999999999996,386.024,470.685,578.3074999999999,802.9821999999998
