routing_mode,group,count,failures,failure_rate,mean,p50,p80,p90,p95,p99
round_robin,all,1000,0,0.0,345.21040000000005,109.185,532.3960000000008,1058.0030000000004,1548.2629999999997,2623.9563
neuroroute,all,1000,0,0.0,444.10007999999993,306.105,503.31000000000006,808.769,1307.8444999999997,2794.015099999999
round_robin,fast,800,0,0.0,273.4321125,64.21000000000001,414.2840000000001,886.2330000000004,1287.588999999999,2130.8053999999997
neuroroute,fast,800,0,0.0,301.768375,284.01,393.376,474.1290000000001,527.0274999999999,754.7148999999996
round_robin,slow,200,0,0.0,632.3235500000001,388.46000000000004,1081.7140000000002,1595.087,1936.8959999999956,2867.3294999999976
neuroroute,slow,200,0,0.0,1013.4269,773.2950000000001,1392.378,2231.776,2612.467999999999,4177.623100000001
