routing_mode,group,count,failures,failure_rate,mean,p50,p80,p90,p95,p99
round_robin,all,1000,0,0.0,1283.28263,528.7950000000001,2101.2400000000007,3952.3890000000015,5387.758,8506.5685
neuroroute,all,1000,0,0.0,1528.83239,39.980000000000004,4184.58,4934.52,5462.774499999998,6592.0066
round_robin,fast,600,0,0.0,1227.3480000000002,440.02,2161.434000000002,4074.4610000000002,5244.543999999999,8198.972299999998
neuroroute,fast,600,0,0.0,31.956650000000003,14.71,39.76400000000001,80.51900000000003,112.13349999999986,227.6270999999998
round_robin,slow,400,0,0.0,1367.184575,654.1949999999999,2005.9060000000004,3840.6920000000023,5674.099499999999,8570.7287
neuroroute,slow,400,0,0.0,3774.1459999999997,4187.46,5130.03,5830.1269999999995,6291.361499999999,7049.7309
