count,failures,failure_rate,mean_ms,median_ms,min_ms,max_ms,p50_ms,p75_ms,p80_ms,p85_ms,p90_ms,p95_ms,p97_ms,p98_ms,p99_ms,p99_5_ms,p99_9_ms,p100_ms
150003,0,0.0,56.38106137877242,7.69,2.57,6359.84,7.69,23.36,38.976000000000056,67.81,98.80800000000018,189.93899999999994,304.2192000000004,476.06199999999836,1073.8718000000044,1951.397999999998,2930.759720000003,6359.84
