routing_mode,group,count,failures,failure_rate,mean,p50,p80,p90,p95,p99
round_robin,all,1000,0,0.0,429.31207,99.32,607.0700000000003,1247.9200000000003,1942.3674999999998,3556.3687999999975
neuroroute,all,1000,0,0.0,487.18021000000005,313.42,516.764,1015.613,1758.7284999999997,3273.5290999999997
round_robin,fast,800,0,0.0,338.56325,50.81,460.66,976.8290000000002,1694.1889999999985,3436.258799999999
neuroroute,fast,800,0,0.0,291.308625,289.73,402.15200000000004,486.12600000000003,516.746,760.8385000000001
round_robin,slow,200,0,0.0,792.30735,461.125,1324.5620000000001,1910.434,2433.7989999999995,3989.460299999978
neuroroute,slow,200,0,0.0,1270.66655,968.615,1827.4260000000004,2502.1289999999995,3163.0454999999974,4354.553799999994
