routing_mode,group,count,failures,failure_rate,mean,p50,p80,p90,p95,p99
round_robin,all,1000,0,0.0,180.61273,65.49000000000001,279.04200000000003,533.7580000000003,780.0264999999999,1198.0004
neuroroute,all,1000,0,0.0,409.68691,388.51,419.252,508.25800000000004,620.622,962.4264999999996
round_robin,fast,800,0,0.0,150.9722875,45.065,230.15200000000016,463.47200000000026,720.2959999999998,1180.9619999999998
neuroroute,fast,800,0,0.0,381.57695,380.53,404.11,418.307,470.5804999999999,597.904199999999
round_robin,slow,200,0,0.0,299.1745,185.19,484.1120000000001,701.1679999999994,1021.3349999999999,1313.137
neuroroute,slow,200,0,0.0,522.12675,492.695,627.3480000000001,734.9029999999997,880.6155,1102.6668999999995
