{
  "round_robin": {
    "routing_mode": "round_robin",
    "all": {
      "count": 1000,
      "failures": 0,
      "failure_rate": 0.0,
      "mean": 724.2995400000001,
      "p50": 368.87,
      "p90": 1726.982,
      "p95": 2431.609999999999,
      "p99": 5210.418799999999,
      "max": 7128.6
    },
    "fast": {
      "count": 800,
      "failures": 0,
      "failure_rate": 0.0,
      "mean": 600.60035,
      "p50": 291.74,
      "p90": 1472.9299999999998,
      "p95": 2193.040499999999,
      "p99": 4675.056699999997,
      "max": 6731.34
    },
    "slow": {
      "count": 200,
      "failures": 0,
      "failure_rate": 0.0,
      "mean": 1219.0963000000002,
      "p50": 939.7850000000001,
      "p90": 2330.7579999999994,
      "p95": 3022.3014999999964,
      "p99": 5345.62519999999,
      "max": 7128.6
    }
  },
  "neuroroute": {
    "routing_mode": "neuroroute",
    "all": {
      "count": 1000,
      "failures": 0,
      "failure_rate": 0.0,
      "mean": 960.0959499999999,
      "p50": 762.87,
      "p90": 1854.8560000000002,
      "p95": 2593.6915,
      "p99": 4578.0336,
      "max": 5599.43
    },
    "fast": {
      "count": 800,
      "failures": 0,
      "failure_rate": 0.0,
      "mean": 694.281325,
      "p50": 688.7,
      "p90": 980.774,
      "p95": 1084.779,
      "p99": 1788.6105999999993,
      "max": 5083.14
    },
    "slow": {
      "count": 200,
      "failures": 0,
      "failure_rate": 0.0,
      "mean": 2023.35445,
      "p50": 1788.575,
      "p90": 3625.4,
      "p95": 4172.275499999997,
      "p99": 4953.292499999999,
      "max": 5599.43
    }
  }
}