routing_mode,group,count,failures,failure_rate,mean,p50,p90,p95,p99,max
round_robin,all,1000,0,0.0,724.2995400000001,368.87,1726.982,2431.609999999999,5210.418799999999,7128.6
neuroroute,all,1000,0,0.0,960.0959499999999,762.87,1854.8560000000002,2593.6915,4578.0336,5599.43
round_robin,fast,800,0,0.0,600.60035,291.74,1472.9299999999998,2193.040499999999,4675.056699999997,6731.34
neuroroute,fast,800,0,0.0,694.281325,688.7,980.774,1084.779,1788.6105999999993,5083.14
round_robin,slow,200,0,0.0,1219.0963000000002,939.7850000000001,2330.7579999999994,3022.3014999999964,5345.62519999999,7128.6
neuroroute,slow,200,0,0.0,2023.35445,1788.575,3625.4,4172.275499999997,4953.292499999999,5599.43
