routing_mode,group,count,failures,failure_rate,mean,p50,p80,p90,p95,p99
round_robin,all,1000,0,0.0,774.0344699999999,396.855,1382.826,2043.3260000000005,2570.374,4327.365099999999
neuroroute,all,1000,0,0.0,857.699,24.755,248.98000000000042,4846.267,5515.542999999999,6763.9264
round_robin,fast,800,0,0.0,708.2736749999999,325.245,1301.124,1894.486,2480.973499999999,4278.0527
neuroroute,fast,800,0,0.0,45.6173625,18.865000000000002,60.57200000000001,113.14900000000003,189.86449999999996,334.38
round_robin,slow,200,0,0.0,1037.07765,704.13,1775.284,2452.337,2783.2964999999995,4463.610199999997
neuroroute,slow,200,0,0.0,4106.02555,4849.175,5613.496,6136.743,6764.472,7466.001199999999
