routing_mode,group,count,failures,failure_rate,mean,p50,p80,p90,p95,p99
round_robin,all,1000,0,0.0,997.7275,596.0350000000001,1717.9340000000002,2815.4080000000004,3299.504999999999,4115.133999999997
neuroroute,all,1000,0,0.0,1398.47103,188.27499999999998,3420.662,4129.727,5198.365,5751.2572
round_robin,fast,600,0,0.0,931.1440833333332,535.16,1648.2720000000002,2723.506000000001,3207.4114999999993,4062.802599999996
neuroroute,fast,600,0,0.0,163.18301666666667,86.65,198.24600000000004,401.09600000000006,539.2584999999995,1496.167699999996
round_robin,slow,400,0,0.0,1097.6026250000002,711.005,1878.632000000001,2888.3650000000002,3453.8764999999976,4115.927599999996
neuroroute,slow,400,0,0.0,3251.4030500000003,3420.9049999999997,4727.534000000001,5357.3150000000005,5551.6195,5988.5877
