{
  "round_robin": {
    "routing_mode": "round_robin",
    "all": {
      "count": 1000,
      "failures": 0,
      "failure_rate": 0.0,
      "mean": 637.4489599999999,
      "p50": 219.55,
      "p90": 1674.599,
      "p95": 2516.5699999999997,
      "p99": 4801.537899999998,
      "max": 8720.91
    },
    "fast": {
      "count": 800,
      "failures": 0,
      "failure_rate": 0.0,
      "mean": 515.854075,
      "p50": 90.22999999999999,
      "p90": 1466.3210000000004,
      "p95": 1962.9614999999976,
      "p99": 4583.362499999998,
      "max": 8175.77
    },
    "slow": {
      "count": 200,
      "failures": 0,
      "failure_rate": 0.0,
      "mean": 1123.8285,
      "p50": 824.36,
      "p90": 2398.767999999999,
      "p95": 3060.309499999995,
      "p99": 5011.940099999999,
      "max": 8720.91
    }
  },
  "neuroroute": {
    "routing_mode": "neuroroute",
    "all": {
      "count": 1000,
      "failures": 0,
      "failure_rate": 0.0,
      "mean": 766.2814199999999,
      "p50": 213.43,
      "p90": 2750.651,
      "p95": 3578.546999999999,
      "p99": 5916.4556999999995,
      "max": 8223.55
    },
    "fast": {
      "count": 800,
      "failures": 0,
      "failure_rate": 0.0,
      "mean": 229.14533749999998,
      "p50": 182.48000000000002,
      "p90": 370.63200000000006,
      "p95": 408.26649999999984,
      "p99": 2193.8898999999965,
      "max": 4515.9
    },
    "slow": {
      "count": 200,
      "failures": 0,
      "failure_rate": 0.0,
      "mean": 2914.82575,
      "p50": 2678.105,
      "p90": 4912.535999999999,
      "p95": 5919.078499999999,
      "p99": 6814.054999999999,
      "max": 8223.55
    }
  }
}