routing_mode,group,count,failures,failure_rate,mean,p50,p90,p95,p99,max
round_robin,all,1000,0,0.0,637.4489599999999,219.55,1674.599,2516.5699999999997,4801.537899999998,8720.91
neuroroute,all,1000,0,0.0,766.2814199999999,213.43,2750.651,3578.546999999999,5916.4556999999995,8223.55
round_robin,fast,800,0,0.0,515.854075,90.22999999999999,1466.3210000000004,1962.9614999999976,4583.362499999998,8175.77
neuroroute,fast,800,0,0.0,229.14533749999998,182.48000000000002,370.63200000000006,408.26649999999984,2193.8898999999965,4515.9
round_robin,slow,200,0,0.0,1123.8285,824.36,2398.767999999999,3060.309499999995,5011.940099999999,8720.91
neuroroute,slow,200,0,0.0,2914.82575,2678.105,4912.535999999999,5919.078499999999,6814.054999999999,8223.55
