routing_mode,group,count,failures,failure_rate,mean,p50,p80,p90,p95,p99
round_robin,all,1000,0,0.0,562.4354000000001,209.53,923.686,1318.633,1605.7675,5799.7423
neuroroute,all,1000,0,0.0,721.6501,596.0150000000001,885.278,1180.747,1693.1309999999999,2908.5521
round_robin,fast,800,0,0.0,501.3745875000001,171.57999999999998,843.176,1211.0770000000005,1520.1369999999997,5738.0737
neuroroute,fast,800,0,0.0,597.6937,529.88,718.398,887.6890000000001,1006.4369999999999,1905.8864999999998
round_robin,slow,200,0,0.0,806.6786500000001,420.69,1191.1600000000003,1603.1660000000002,2130.7154999999993,5846.398799999997
neuroroute,slow,200,0,0.0,1217.4757,993.1949999999999,1693.7040000000002,2280.9069999999997,2897.376,3302.474499999999
