routing_mode,group,count,failures,failure_rate,mean,p50,p80,p90,p95,p99
round_robin,all,1000,0,0.0,239.08253,68.7,402.4840000000002,730.5509999999999,970.1704999999992,1906.3187
neuroroute,all,1000,1,0.001,407.7001401401402,338.78,450.1380000000001,592.53,991.8089999999969,2020.7877999999992
round_robin,fast,800,0,0.0,180.5550625,34.915,249.9820000000002,588.6740000000002,807.7324999999996,1876.2236999999998
neuroroute,fast,800,0,0.0,326.150575,317.82,397.55600000000004,423.658,495.0104999999999,600.2207
round_robin,slow,200,0,0.0,473.19239999999996,280.015,786.364,1175.011,1289.7984999999994,2087.8057
neuroroute,slow,200,1,0.005,735.5375879396986,521.94,1053.7420000000002,1388.0780000000002,1793.0089999999998,2247.041000000001
