routing_mode,group,count,failures,failure_rate,mean,p50,p80,p90,p95,p99
round_robin,all,1000,0,0.0,490.27901999999995,207.525,731.4940000000001,1217.138,2077.8914999999997,3702.6542999999997
neuroroute,all,1000,1,0.001,651.1191191191191,199.07,1380.5380000000002,1840.870000000001,2217.62,4019.2711999999997
round_robin,fast,600,0,0.0,388.09411666666665,89.64,617.15,1068.4160000000002,1929.1144999999985,3367.5727999999995
neuroroute,fast,600,1,0.0016666666666666668,165.2571118530885,115.12,202.288,272.6780000000001,309.0070000000002,939.6275999999884
round_robin,slow,400,0,0.0,643.556375,351.87,907.1440000000003,1541.5940000000012,2252.3739999999975,3869.3692
neuroroute,slow,400,0,0.0,1378.697475,1357.375,1942.43,2293.3990000000003,2723.314999999987,4260.0326
