routing_mode,group,count,failures,failure_rate,mean,p50,p90,p95,p99,max
round_robin,all,1000,0,0.0,90.01641,22.165,265.59700000000015,413.6604999999999,848.8730999999993,2906.04
neuroroute,all,1000,0,0.0,122.86115,73.1,280.67800000000005,422.95199999999977,680.4663999999996,2559.79
round_robin,fast,800,0,0.0,27.7409,19.115000000000002,54.947,73.1554999999999,135.16499999999996,233.11
neuroroute,fast,800,0,0.0,67.965525,58.31,103.263,136.13949999999988,217.85099999999986,280.37
round_robin,slow,200,0,0.0,339.11845,267.58500000000004,632.749,851.7254999999988,1459.4399999999923,2906.04
neuroroute,slow,200,0,0.0,342.44365000000005,281.855,564.1339999999999,682.4519999999992,1529.920099999999,2559.79
