{
  "round_robin": {
    "routing_mode": "round_robin",
    "all": {
      "count": 1000,
      "failures": 0,
      "failure_rate": 0.0,
      "mean": 90.01641,
      "p50": 22.165,
      "p90": 265.59700000000015,
      "p95": 413.6604999999999,
      "p99": 848.8730999999993,
      "max": 2906.04
    },
    "fast": {
      "count": 800,
      "failures": 0,
      "failure_rate": 0.0,
      "mean": 27.7409,
      "p50": 19.115000000000002,
      "p90": 54.947,
      "p95": 73.1554999999999,
      "p99": 135.16499999999996,
      "max": 233.11
    },
    "slow": {
      "count": 200,
      "failures": 0,
      "failure_rate": 0.0,
      "mean": 339.11845,
      "p50": 267.58500000000004,
      "p90": 632.749,
      "p95": 851.7254999999988,
      "p99": 1459.4399999999923,
      "max": 2906.04
    }
  },
  "neuroroute": {
    "routing_mode": "neuroroute",
    "all": {
      "count": 1000,
      "failures": 0,
      "failure_rate": 0.0,
      "mean": 122.86115,
      "p50": 73.1,
      "p90": 280.67800000000005,
      "p95": 422.95199999999977,
      "p99": 680.4663999999996,
      "max": 2559.79
    },
    "fast": {
      "count": 800,
      "failures": 0,
      "failure_rate": 0.0,
      "mean": 67.965525,
      "p50": 58.31,
      "p90": 103.263,
      "p95": 136.13949999999988,
      "p99": 217.85099999999986,
      "max": 280.37
    },
    "slow": {
      "count": 200,
      "failures": 0,
      "failure_rate": 0.0,
      "mean": 342.44365000000005,
      "p50": 281.855,
      "p90": 564.1339999999999,
      "p95": 682.4519999999992,
      "p99": 1529.920099999999,
      "max": 2559.79
    }
  }
}