routing_mode,group,count,failures,failure_rate,mean,p50,p80,p90,p95,p99
round_robin,all,1000,0,0.0,304.96621,117.51,495.4520000000001,798.8150000000002,1078.3864999999996,2390.228199999993
neuroroute,all,1000,0,0.0,418.19154,322.495,473.7160000000002,678.4270000000001,1002.0409999999998,1980.1005
round_robin,fast,800,0,0.0,264.3666625,70.36,405.17400000000004,709.6080000000001,1006.5164999999994,2390.228199999993
neuroroute,fast,800,0,0.0,319.914775,309.795,388.406,408.137,483.0895,598.8351999999993
round_robin,slow,200,0,0.0,467.36440000000005,315.89,720.7280000000002,911.9389999999996,1186.7715,2344.342499999988
neuroroute,slow,200,0,0.0,811.2986,664.105,1020.2620000000005,1293.4549999999997,1770.9994999999997,3412.534099999997
