routing_mode,group,count,failures,failure_rate,mean,p50,p80,p90,p95,p99
round_robin,all,1000,0,0.0,1275.0205600000002,456.175,2273.9300000000007,3783.7110000000016,5202.665,7424.976499999998
neuroroute,all,1000,0,0.0,1672.4127999999998,188.22,4203.969999999999,5011.607000000001,5838.226,6826.718799999999
round_robin,fast,600,0,0.0,1202.5690166666666,372.71,2298.6860000000024,3729.927,4929.614,7338.5942
neuroroute,fast,600,0,0.0,197.41266666666667,84.78999999999999,197.60800000000006,360.29500000000036,700.7594999999998,2623.834399999997
round_robin,slow,400,0,0.0,1383.6978749999998,609.565,2259.846000000001,3994.1770000000006,6064.774499999993,8414.796199999999
neuroroute,slow,400,0,0.0,3884.913,4203.555,5305.420000000002,5947.792,6548.8505,7383.6572
