routing_mode,group,count,failures,failure_rate,mean,p50,p80,p90,p95,p99
round_robin,all,1000,0,0.0,1108.5123500000002,254.745,2804.5000000000005,3870.1160000000004,4809.577499999999,6199.0493
neuroroute,all,1000,0,0.0,2027.1217900000001,1806.42,2722.84,3387.8120000000004,4115.876,5720.712299999999
round_robin,fast,800,0,0.0,1037.0381,206.7,2702.2360000000003,3777.6890000000003,4540.319999999993,6179.8559
neuroroute,fast,800,0,0.0,1770.8980000000001,1701.1750000000002,2475.908,2798.624,3158.743499999999,4106.4007
round_robin,slow,200,0,0.0,1394.40935,422.92,3096.890000000001,4106.019,5658.205,6342.2788999999975
neuroroute,slow,200,0,0.0,3052.0169499999993,2823.4350000000004,4142.338000000002,5025.272999999999,5723.401499999999,6604.594199999997
